Date,FNSKU,ASIN,MSKU,Title,Quantity,Fulfillment Center,Disposition
7/8/2025,X0026604GF,B0nG64759is,CSTE_0319_SG_HarryPotter_Round,Sense peace economy.,-2,TLCQ,SELLABLE
6/12/2025,X0029241Ue,B0Bu57815NO,Storage_Box_white_4,Whom local tend.,-1,SDEE,SELLABLE
5/31/2025,X0020801Uz,B0Uu09753Te,CSTE_0319_SG_HarryPotter_Round,True develop sound.,-3,SDEE,SELLABLE
6/24/2025,X0028711uG,B0Th71484Jv,CSTE_0331_Wands_Hermoine_Light,Data son natural explain before.,-1,BOM5,SELLABLE
7/9/2025,X0025934lm,B0ef20947RW,CSTE_0359_Wands_Hermoine_light_Sg,Theory type successful.,-4,PNQ2,SELLABLE
6/5/2025,X0026848Zp,B0CF39694QP,CSTE_0541,Bank party main picture.,-5,CCX1,SELLABLE
7/8/2025,X0023041To,B0gY52560jS,Storage_Box_white_4,And off travel.,-1,CCX1,SELLABLE
5/30/2025,X0029101Om,B0xh99161cM,CSTE_0541,Create wife.,-3,DEL4,SELLABLE
6/24/2025,X0027300IB,B0eP91413tw,Breathing_Lilo_Stich_Blue,Congress mean always beyond.,-3,SDEE,SELLABLE
7/6/2025,X0023457Kk,B0Hq30225hM,CSTE_0359_Wands_Hermoine_light_Sg,Program actually race tonight.,-5,PNQ3,SELLABLE
5/30/2025,X0024564jJ,B0Ir07150ip,CSTE_0319_SG_HarryPotter_Round,Good explain grow water.,-3,CCX1,SELLABLE
5/22/2025,X0024661aM,B0OC35233yT,Storage_Box_white_2,Themselves all the nothing sign.,-1,SDEE,SELLABLE
6/27/2025,X0022714Sk,B0Wa78789cF,CSTE_0341_Wands_Hermoine_Sunglasas,Fine level speak themselves.,-1,PNQ2,SELLABLE
6/4/2025,X0023812az,B0TW65030aR,CSTE_0545,Partner couple part cup few.,-1,TLCQ,SELLABLE
6/12/2025,X0021761br,B0PP71428wh,Breathing_Lilo_Stich_Blue,Everything affect American.,-2,TLCQ,SELLABLE
5/27/2025,X0028559cV,B0Il97765ny,UNKNOWN_SKU,Fact catch even front happen.,-2,PNQ3,SELLABLE
5/24/2025,X0025900rk,B0Ji29456sh,Storage_Box_white_2,Room value film tax.,-3,DEL4,SELLABLE
6/2/2025,X0024654Ag,B0ZZ18775vh,Storage_Box_white_2,Break marriage also friend.,-1,BOM5,SELLABLE
5/26/2025,X0022961eZ,B0ag13306zJ,Storage_Box_white_2,Face turn small research describe.,-4,CCU1,SELLABLE
5/22/2025,X0025349Xk,B0Sb63511HC,CSTE_0341_Wands_Hermoine_Sunglasas,Budget huge debate.,-5,DEL4,SELLABLE
6/18/2025,X0023921mD,B0MF65821jK,CSTE_0331_Wands_Hermoine_Light,Point institution miss quickly.,-1,SDEE,SELLABLE
7/2/2025,X0027738No,B0Hj05550qM,Breathing_Lilo_Stich_Blue,Success on responsibility.,-3,CCU1,SELLABLE
7/12/2025,X0021180eo,B0vk20407Zj,Storage_Box_white_4,Why measure too maybe.,-5,CCU1,SELLABLE
6/16/2025,X0021891VB,B0EY34896yM,CSTE_0331_Wands_Hermoine_Light,Do ten after those scientist.,-1,BOM5,SELLABLE
5/21/2025,X0028945eF,B0dk44666Pi,UNKNOWN_SKU,Expert stop area.,-1,CCX1,SELLABLE
5/19/2025,X0027627MT,B0ND12560yD,Storage_Box_white_4,Big sing.,-2,DEL4,SELLABLE
7/2/2025,X0020992Ou,B0YX18536XF,UNKNOWN_SKU,Thing particular.,-2,PNQ3,SELLABLE
5/25/2025,X0029519sY,B0Ym26418cY,UNKNOWN_SKU,Know series lay smile.,-4,PNQ2,SELLABLE
5/26/2025,X0020074bH,B0XO99331XG,CSTE_0541,Information figure box international not.,-4,DEL5,SELLABLE
5/20/2025,X0021611AX,B0bF20766uU,CSTE_0545,Bad audience grow.,-1,PNQ2,SELLABLE
7/15/2025,X0025520ox,B0nQ19230RU,CSTE_0341_Wands_Hermoine_Sunglasas,Security fall ready.,-5,DEL4,SELLABLE
6/4/2025,X0023227hE,B0xv54203Es,CSTE_0541,View when player.,-4,TLCQ,SELLABLE
5/30/2025,X0029118Lt,B0uG26223pp,Breathing_Lilo_Stich_Blue,Fact information animal.,-1,SDED,SELLABLE
6/22/2025,X0029061Se,B0Vj26486LB,CSTE_0359_Wands_Hermoine_light_Sg,Pm be know.,-3,CCU1,SELLABLE
6/1/2025,X0028066aA,B0Ef57354lY,Storage_Box_white_2,Everybody newspaper.,-4,CCX1,SELLABLE
5/18/2025,X0027626Bl,B0wD37582OO,CSTE_0319_SG_HarryPotter_Round,Low data.,-1,PNQ2,SELLABLE
6/9/2025,X0027970nt,B0BT14892WE,CSTE_0341_Wands_Hermoine_Sunglasas,Question set.,-2,PNQ3,SELLABLE
6/6/2025,X0028640hr,B0LT00468zC,Breathing_Lilo_Stich_Blue,Second government.,-3,CCX1,SELLABLE
6/7/2025,X0029101Yq,B0pW48518ke,Breathing_Lilo_Stich_Blue,Team executive care mission.,-2,CCX1,SELLABLE
6/16/2025,X0028168zV,B0Oi44759kh,CSTE_0331_Wands_Hermoine_Light,High opportunity cause.,-4,BOM5,SELLABLE
6/21/2025,X0025763EF,B0tj85707VF,CSTE_0545,Thought democratic.,-3,DEL4,SELLABLE
6/14/2025,X0027608eR,B0hN16050ar,Storage_Box_white_2,Road dinner seem.,-3,DEL5,SELLABLE
6/28/2025,X0023167Tv,B0jC62566Tj,CSTE_0331_Wands_Hermoine_Light,Firm decade cost glass work.,-2,TLCQ,SELLABLE
6/9/2025,X0027633Cn,B0Of90603lx,Breathing_Lilo_Stich_Blue,Sea quality.,-4,BOM5,SELLABLE
6/7/2025,X0029491TG,B0OS45670HQ,CSTE_0545,Upon value ok majority region.,-1,CCU1,SELLABLE
7/1/2025,X0025400dk,B0eY50402BR,UNKNOWN_SKU,Wife however TV.,-5,TLCQ,SELLABLE
6/5/2025,X0023591Mf,B0qb55875Hc,Breathing_Lilo_Stich_Blue,Hard decide modern.,-4,CCX1,SELLABLE
7/4/2025,X0023444Hy,B0tJ47530ea,UNKNOWN_SKU,Manager just true include.,-5,SDED,SELLABLE
6/14/2025,X0027711fp,B0Ne12637BJ,Breathing_Lilo_Stich_Blue,Always Congress majority campaign.,-3,DEL4,SELLABLE
5/27/2025,X0025561Js,B0GM98347DI,CSTE_0545,Evening admit past.,-1,TLCQ,SELLABLE
7/10/2025,X0022633sV,B0hy08860Pr,Storage_Box_white_2,Wife north director.,-4,DEL4,SELLABLE
7/13/2025,X0024331Ht,B0Lk53574iZ,CSTE_0341_Wands_Hermoine_Sunglasas,Network foreign.,-4,TLCQ,SELLABLE
7/14/2025,X0020262lG,B0XS12379np,CSTE_0545,Staff service government.,-1,SDED,SELLABLE
7/3/2025,X0022719bH,B0ao95774JP,UNKNOWN_SKU,Produce manager well.,-5,PNQ2,SELLABLE
6/8/2025,X0028514iM,B0dn63546cu,Breathing_Lilo_Stich_Blue,Gas kid rise.,-4,DEL4,SELLABLE
6/18/2025,X0024524bw,B0bF98025Od,Storage_Box_white_4,Drop actually.,-3,SDED,SELLABLE
7/1/2025,X0021056in,B0lP76254vU,CSTE_0541,Him important enough most.,-5,CCU1,SELLABLE
6/3/2025,X0020916yk,B0US08298jf,CSTE_0341_Wands_Hermoine_Sunglasas,Down stock computer watch.,-5,CCX1,SELLABLE
6/15/2025,X0028216Mg,B0cq97299vZ,Breathing_Lilo_Stich_Blue,Agree usually already bed.,-2,BOM5,SELLABLE
5/21/2025,X0022738wk,B0at65476Hs,Storage_Box_white_4,Light alone mother need various.,-3,SDEE,SELLABLE
7/7/2025,X0027616wF,B0RR00404LS,UNKNOWN_SKU,Yet seven several.,-4,BOM5,SELLABLE
6/2/2025,X0025643hK,B0kj53985vV,CSTE_0545,Once anything.,-4,DEL5,SELLABLE
6/12/2025,X0025544uF,B0Yj69620Kc,CSTE_0331_Wands_Hermoine_Light,Call upon we lose.,-1,PNQ2,SELLABLE
6/14/2025,X0029318Br,B0Lh28212GO,Breathing_Lilo_Stich_Blue,Painting senior entire expect investment.,-1,SDEE,SELLABLE
6/9/2025,X0024888uv,B0jY36208QS,CSTE_0541,His less already treatment PM.,-5,SDEE,SELLABLE
7/6/2025,X0020582Rm,B0pr57039lW,CSTE_0319_SG_HarryPotter_Round,Back large season last.,-1,CCU1,SELLABLE
6/6/2025,X0021327eB,B0Nu64465ft,Storage_Box_white_4,Manage several.,-3,SDED,SELLABLE
5/31/2025,X0026666Sc,B0KT97592ru,Storage_Box_white_4,Huge TV.,-4,CCU1,SELLABLE
5/31/2025,X0020195xa,B0cu13187bu,CSTE_0545,Town worker share every.,-2,DEL4,SELLABLE
6/3/2025,X0029264Gd,B0UH22270cJ,CSTE_0331_Wands_Hermoine_Light,Hold conference son spend ball.,-5,CCU1,SELLABLE
7/6/2025,X0024345ST,B0WC44872Jj,Storage_Box_white_4,Plan computer.,-4,BOM5,SELLABLE
7/7/2025,X0020513PY,B0kT79378vP,CSTE_0341_Wands_Hermoine_Sunglasas,Live new myself.,-3,CCX1,SELLABLE
5/19/2025,X0025011BM,B0Gx59756Oh,Storage_Box_white_4,First age safe.,-3,CCX1,SELLABLE
7/15/2025,X0025930AP,B0XY04609Tk,UNKNOWN_SKU,Truth unit impact key.,-4,PNQ2,SELLABLE
6/4/2025,X0029449ZD,B0my62074ew,CSTE_0319_SG_HarryPotter_Round,But go.,-2,DEL4,SELLABLE
5/25/2025,X0026905DY,B0Iz87710YY,CSTE_0545,Agree middle student.,-1,BOM5,SELLABLE
6/10/2025,X0025517cj,B0vk84006JS,CSTE_0331_Wands_Hermoine_Light,Civil single city.,-4,BOM5,SELLABLE
7/11/2025,X0029507OR,B0vk60334pw,Storage_Box_white_2,Clear inside guy.,-2,SDED,SELLABLE
7/12/2025,X0022690kL,B0bu06220Ga,UNKNOWN_SKU,Another understand.,-2,TLCQ,SELLABLE
6/29/2025,X0029226Yb,B0ix66953Gn,CSTE_0319_SG_HarryPotter_Round,Hundred candidate not go benefit.,-1,SDED,SELLABLE
6/10/2025,X0023763zp,B0rH76914xI,CSTE_0545,Page single.,-4,SDEE,SELLABLE
6/3/2025,X0024095Zz,B0bX18026AU,Breathing_Lilo_Stich_Blue,Item bit leave left.,-3,DEL5,SELLABLE
6/18/2025,X0025762Ls,B0Ow81552XE,CSTE_0341_Wands_Hermoine_Sunglasas,Million approach theory election rich.,-1,SDEE,SELLABLE
5/25/2025,X0024604JB,B0wi06463ih,CSTE_0359_Wands_Hermoine_light_Sg,Ground all office less politics.,-1,TLCQ,SELLABLE
6/26/2025,X0026882kj,B0iF32308wN,CSTE_0545,Respond friend budget.,-2,PNQ3,SELLABLE
6/1/2025,X0024258vI,B0yw26843yE,Storage_Box_white_4,Fill improve image best win.,-2,TLCQ,SELLABLE
6/22/2025,X0020998gS,B0rS39981UN,CSTE_0319_SG_HarryPotter_Round,Heart soldier action.,-4,CCU1,SELLABLE
7/7/2025,X0027517xL,B0Je47328XG,Breathing_Lilo_Stich_Blue,Ago poor coach.,-4,TLCQ,SELLABLE
5/26/2025,X0026937TR,B0yk64092CK,CSTE_0319_SG_HarryPotter_Round,Trouble upon.,-2,PNQ3,SELLABLE
7/16/2025,X0029653GD,B0GF07914JP,CSTE_0545,Line Congress must city.,-4,TLCQ,SELLABLE
5/23/2025,X0022711Ez,B0Eo96814hs,CSTE_0545,Growth behind probably.,-1,CCX1,SELLABLE
6/17/2025,X0022983ac,B0EJ68971wX,Breathing_Lilo_Stich_Blue,Their rate drop marriage.,-4,DEL4,SELLABLE
7/3/2025,X0024307wG,B0Bo51149Vx,UNKNOWN_SKU,Team certainly explain current.,-4,PNQ2,SELLABLE
6/14/2025,X0025469iX,B0oP16587Tx,Storage_Box_white_4,Trouble it grow husband short.,-4,DEL4,SELLABLE
6/8/2025,X0021741Cj,B0oh53257Ry,CSTE_0341_Wands_Hermoine_Sunglasas,Let left very your.,-2,DEL4,SELLABLE
6/4/2025,X0026847ou,B0zo80175Bd,CSTE_0545,Side image enjoy rise condition.,-3,SDEE,SELLABLE
5/24/2025,X0025030ay,B0Mm80219fV,Breathing_Lilo_Stich_Blue,Culture ability to suffer.,-3,DEL5,SELLABLE
6/19/2025,X0028233Ay,B0Wc70636Nr,CSTE_0359_Wands_Hermoine_light_Sg,Old region.,-3,DEL4,SELLABLE
7/5/2025,X0027298fq,B0NX11402Qi,CSTE_0541,Debate wish floor inside.,-3,TLCQ,SELLABLE
7/1/2025,X0021817hG,B0vi77278Aq,CSTE_0545,Bad measure star tell.,-5,BOM5,SELLABLE
6/1/2025,X0023576bC,B0Bp08673qE,Storage_Box_white_4,Cell kid growth main.,-1,PNQ3,SELLABLE
5/22/2025,X0028134HO,B0vN10250Zk,CSTE_0331_Wands_Hermoine_Light,Hope could many cold.,-1,TLCQ,SELLABLE
6/17/2025,X0025835lH,B0OS89962NF,UNKNOWN_SKU,Up our allow maintain page.,-2,SDEE,SELLABLE
6/2/2025,X0028300di,B0WH37931BP,CSTE_0319_SG_HarryPotter_Round,Those full rate.,-3,CCU1,SELLABLE
5/22/2025,X0025857zC,B0Wh57123Wj,CSTE_0541,Week remain decide happy.,-4,SDED,SELLABLE
7/4/2025,X0020631AL,B0Qi96830HP,UNKNOWN_SKU,Final name at painting.,-3,TLCQ,SELLABLE
6/8/2025,X0020369Wx,B0bL41039Gx,CSTE_0541,Letter body language.,-4,PNQ2,SELLABLE
6/29/2025,X0026685oL,B0OL41025KF,CSTE_0331_Wands_Hermoine_Light,Western month.,-3,PNQ3,SELLABLE
6/5/2025,X0025601BM,B0pc22016Or,Breathing_Lilo_Stich_Blue,His gas health.,-3,CCX1,SELLABLE
5/25/2025,X0028805GJ,B0vi02704wg,CSTE_0545,Night western serious edge bit.,-5,PNQ2,SELLABLE
6/20/2025,X0029270HY,B0lS35183Qo,CSTE_0541,Cut recognize keep citizen.,-4,CCX1,SELLABLE
5/29/2025,X0028337ui,B0tT48015Yu,Storage_Box_white_4,Be add.,-3,SDED,SELLABLE
6/14/2025,X0022438Jw,B0Ah71688fL,CSTE_0359_Wands_Hermoine_light_Sg,You company drop join.,-4,PNQ2,SELLABLE
6/11/2025,X0020004eQ,B0YT55840pS,Breathing_Lilo_Stich_Blue,Cause others skill industry old.,-2,BOM5,SELLABLE
5/30/2025,X0025877Th,B0oT65280ZE,CSTE_0545,Air ball better consumer.,-3,DEL5,SELLABLE
7/7/2025,X0027058Ah,B0zB83744ES,CSTE_0359_Wands_Hermoine_light_Sg,Clearly thought.,-5,PNQ2,SELLABLE
5/30/2025,X0025332oZ,B0Ib42284lo,CSTE_0319_SG_HarryPotter_Round,Understand relate church serve.,-3,PNQ2,SELLABLE
5/26/2025,X0029238Xt,B0ky07306Gy,CSTE_0319_SG_HarryPotter_Round,His moment billion.,-5,DEL4,SELLABLE
6/10/2025,X0028010Vp,B0Qz67465qU,CSTE_0359_Wands_Hermoine_light_Sg,Throughout citizen.,-2,SDEE,SELLABLE
6/11/2025,X0023008Ze,B0OG73729sa,CSTE_0331_Wands_Hermoine_Light,Challenge project happen white maybe.,-3,DEL4,SELLABLE
7/5/2025,X0022073Mz,B0Es57472ZS,CSTE_0341_Wands_Hermoine_Sunglasas,Give point herself official.,-5,SDEE,SELLABLE
6/29/2025,X0024933Bn,B0ZM48282HW,CSTE_0319_SG_HarryPotter_Round,Sing media step live game.,-5,PNQ2,SELLABLE
6/4/2025,X0024780YU,B0mM34710gq,CSTE_0331_Wands_Hermoine_Light,Stay describe.,-4,DEL5,SELLABLE
5/20/2025,X0029259Zr,B0tp00092zF,UNKNOWN_SKU,Teach because it boy.,-2,DEL4,SELLABLE
6/9/2025,X0022098rw,B0Yl36352FQ,Breathing_Lilo_Stich_Blue,Particularly measure only.,-5,BOM5,SELLABLE
6/13/2025,X0020069cP,B0vO28164ON,Storage_Box_white_2,Research fund catch.,-5,SDED,SELLABLE
5/28/2025,X0027795rP,B0qJ17218Tz,CSTE_0545,Language provide parent information call.,-5,SDED,SELLABLE
5/31/2025,X0029127sR,B0Ow16441GI,CSTE_0359_Wands_Hermoine_light_Sg,Account part.,-1,PNQ2,SELLABLE
7/11/2025,X0021667bu,B0dn21693Ab,CSTE_0341_Wands_Hermoine_Sunglasas,Out human.,-2,CCX1,SELLABLE
6/11/2025,X0024668dV,B0Pn78282Lk,Storage_Box_white_2,Office explain.,-2,DEL4,SELLABLE
5/24/2025,X0023600HX,B0WG10422ih,CSTE_0331_Wands_Hermoine_Light,According star study form.,-4,PNQ2,SELLABLE
5/31/2025,X0021534Cv,B0fu77881Cy,UNKNOWN_SKU,My necessary million trade.,-4,SDED,SELLABLE
6/17/2025,X0026852ej,B0Qe20691Hr,Storage_Box_white_2,Few voice thank local option.,-3,DEL4,SELLABLE
7/7/2025,X0029785oX,B0YG80655ap,Breathing_Lilo_Stich_Blue,Baby book itself people nation.,-5,CCU1,SELLABLE
6/20/2025,X0028109wc,B0EW52547Aa,CSTE_0341_Wands_Hermoine_Sunglasas,Pressure local rise.,-4,DEL4,SELLABLE
6/28/2025,X0022078Qk,B0bT64973DN,CSTE_0341_Wands_Hermoine_Sunglasas,Stay provide particularly firm foreign.,-2,PNQ2,SELLABLE
6/18/2025,X0029286zp,B0qp56433IL,Storage_Box_white_2,Walk draw front plan.,-5,BOM5,SELLABLE
6/13/2025,X0023248lI,B0Sl91773Mw,UNKNOWN_SKU,Eat soon must toward family.,-4,DEL4,SELLABLE
6/17/2025,X0028356uU,B0kJ00339Df,Storage_Box_white_2,May read information.,-2,SDED,SELLABLE
5/26/2025,X0026010vk,B0JA49874Ex,CSTE_0331_Wands_Hermoine_Light,Watch bed bag.,-1,DEL5,SELLABLE
5/30/2025,X0028098vU,B0cY91930gU,Breathing_Lilo_Stich_Blue,Before open hot.,-1,SDEE,SELLABLE
5/31/2025,X0029983rs,B0io22932qF,CSTE_0541,Certainly pattern daughter.,-1,SDED,SELLABLE
5/31/2025,X0026239bw,B0US87241NS,CSTE_0319_SG_HarryPotter_Round,Social say about.,-1,SDEE,SELLABLE
6/13/2025,X0023906ij,B0oQ78085lD,CSTE_0331_Wands_Hermoine_Light,Professional kind wait PM.,-2,SDEE,SELLABLE
5/31/2025,X0023157rw,B0Jz89434el,Storage_Box_white_2,Box operation prepare might.,-1,CCX1,SELLABLE
7/9/2025,X0027264UI,B0uy32147Gd,Storage_Box_white_2,Strategy hope return near.,-5,PNQ3,SELLABLE
6/9/2025,X0029204NC,B0nz89637fg,CSTE_0331_Wands_Hermoine_Light,I medical level president allow.,-3,TLCQ,SELLABLE
6/25/2025,X0023196Ae,B0Ff83833mg,CSTE_0359_Wands_Hermoine_light_Sg,Candidate crime officer police it.,-4,PNQ2,SELLABLE
6/15/2025,X0024790ww,B0HR30373na,UNKNOWN_SKU,Door line page.,-4,SDED,SELLABLE
6/22/2025,X0026541Nh,B0oi75991Ap,UNKNOWN_SKU,Machine century.,-3,SDEE,SELLABLE
6/2/2025,X0022185uR,B0HS15334BP,Breathing_Lilo_Stich_Blue,House central baby picture.,-5,CCU1,SELLABLE
6/4/2025,X0028397wj,B0Vn92964hk,CSTE_0545,Kid support interest.,-5,BOM5,SELLABLE
6/23/2025,X0020479fR,B0Hc51173bT,CSTE_0541,Beat start say either none.,-5,PNQ2,SELLABLE
7/14/2025,X0022319UX,B0oj82730TM,CSTE_0545,Ten will summer.,-2,PNQ3,SELLABLE
5/23/2025,X0029211rg,B0LA49794cT,CSTE_0541,Center without.,-4,SDEE,SELLABLE
6/11/2025,X0025546yb,B0Uj43319pH,CSTE_0331_Wands_Hermoine_Light,Laugh wind action.,-1,SDED,SELLABLE
6/16/2025,X0026988iT,B0tg59863CP,CSTE_0359_Wands_Hermoine_light_Sg,Down positive tough.,-1,TLCQ,SELLABLE
6/11/2025,X0021527by,B0XB70489DN,UNKNOWN_SKU,Season crime study environment style.,-5,CCU1,SELLABLE
5/21/2025,X0023774Gz,B0Sa29742nv,UNKNOWN_SKU,Remain team body.,-5,SDED,SELLABLE
6/22/2025,X0026459Um,B0wW56213UE,Storage_Box_white_2,Community study into job.,-3,CCU1,SELLABLE
6/15/2025,X0029118ZC,B0PE21086pz,UNKNOWN_SKU,Instead push.,-2,SDEE,SELLABLE
6/12/2025,X0029244Hh,B0fv85020Wv,CSTE_0319_SG_HarryPotter_Round,Suggest drug thing number.,-1,CCX1,SELLABLE
5/23/2025,X0028276ag,B0Ih01534GX,Storage_Box_white_2,Threat bill pattern.,-5,TLCQ,SELLABLE
6/7/2025,X0023127kk,B0bJ74279yb,CSTE_0541,Beyond bar shoulder.,-3,CCU1,SELLABLE
7/2/2025,X0024637PM,B0OZ88526aL,UNKNOWN_SKU,Wife owner exist message.,-3,PNQ3,SELLABLE
7/7/2025,X0027454Xk,B0xE23750NY,Breathing_Lilo_Stich_Blue,Put again big.,-2,PNQ2,SELLABLE
5/26/2025,X0022369vJ,B0YC20767xa,Storage_Box_white_4,Note attention yeah.,-2,SDED,SELLABLE
6/27/2025,X0028869rn,B0TV16087vV,CSTE_0319_SG_HarryPotter_Round,Culture far.,-5,DEL5,SELLABLE
7/4/2025,X0027841cf,B0sF56663zJ,CSTE_0541,Physical play.,-4,PNQ2,SELLABLE
6/17/2025,X0022666TX,B0xt99478AL,CSTE_0331_Wands_Hermoine_Light,Get interesting when.,-5,TLCQ,SELLABLE
6/29/2025,X0021353yb,B0eX95227gl,CSTE_0341_Wands_Hermoine_Sunglasas,Allow power condition pressure would.,-2,DEL5,SELLABLE
7/13/2025,X0026246Ct,B0gQ80272hE,CSTE_0341_Wands_Hermoine_Sunglasas,Safe figure hospital.,-1,DEL4,SELLABLE
6/22/2025,X0024571dW,B0ny43748eB,CSTE_0541,Amount understand.,-3,SDED,SELLABLE
5/27/2025,X0020440ac,B0EP90292fL,CSTE_0545,After score career.,-1,SDEE,SELLABLE
6/27/2025,X0021191mg,B0TC76117GU,CSTE_0319_SG_HarryPotter_Round,Music catch head.,-2,TLCQ,SELLABLE
6/26/2025,X0028218cU,B0Hu83165JS,Breathing_Lilo_Stich_Blue,National training drug really check.,-2,DEL5,SELLABLE
5/31/2025,X0025458xb,B0Pi00243lh,CSTE_0545,Same project every end.,-5,CCX1,SELLABLE
6/24/2025,X0020255mO,B0um18724Oh,UNKNOWN_SKU,Provide drug son show whatever.,-4,PNQ3,SELLABLE
5/18/2025,X0028505oz,B0qc06842Vr,Breathing_Lilo_Stich_Blue,Yet possible.,-1,PNQ3,SELLABLE
5/20/2025,X0024324xH,B0NL12739eA,Storage_Box_white_2,Spend question election.,-2,SDEE,SELLABLE
5/29/2025,X0029252zo,B0Wm98308DI,Breathing_Lilo_Stich_Blue,Or which white get.,-5,CCX1,SELLABLE
6/7/2025,X0020652Eo,B0VF69039AW,CSTE_0341_Wands_Hermoine_Sunglasas,Class quickly high know.,-1,PNQ3,SELLABLE
7/15/2025,X0024129at,B0zq21242HP,Breathing_Lilo_Stich_Blue,Fly rock make build.,-1,PNQ2,SELLABLE
6/14/2025,X0025444yM,B0mB80788rU,CSTE_0541,Reveal whole increase beat.,-2,PNQ2,SELLABLE
5/24/2025,X0020076Iw,B0VU87878TE,Breathing_Lilo_Stich_Blue,Continue onto agent green film.,-1,BOM5,SELLABLE
6/22/2025,X0023129DO,B0FY27572qF,CSTE_0545,Remember rich yeah simple.,-2,SDEE,SELLABLE
7/12/2025,X0028468PM,B0je14282vm,CSTE_0331_Wands_Hermoine_Light,Agree likely.,-4,SDEE,SELLABLE
6/16/2025,X0028027Ki,B0iD94145xc,CSTE_0331_Wands_Hermoine_Light,Billion beyond quality fill.,-5,TLCQ,SELLABLE
6/5/2025,X0029520QW,B0Ar76631FB,CSTE_0545,Thought certainly special seven.,-2,PNQ2,SELLABLE
6/30/2025,X0024127ux,B0Di47532Tv,CSTE_0545,Market best only.,-1,CCX1,SELLABLE
6/5/2025,X0025215kr,B0Wu51165tv,UNKNOWN_SKU,Country power.,-4,BOM5,SELLABLE
5/29/2025,X0022827pf,B0Vf84106zD,Breathing_Lilo_Stich_Blue,Production religious around both.,-1,CCU1,SELLABLE
6/26/2025,X0026914fK,B0lH91346CS,CSTE_0319_SG_HarryPotter_Round,Shake phone positive.,-1,PNQ2,SELLABLE
7/5/2025,X0024221nO,B0HB85715ZY,Breathing_Lilo_Stich_Blue,Learn argue glass.,-4,SDED,SELLABLE
7/3/2025,X0023312WC,B0ui61531mp,UNKNOWN_SKU,Natural produce team operation point.,-2,DEL4,SELLABLE
7/16/2025,X0028440NR,B0JT92438ht,Breathing_Lilo_Stich_Blue,Community any morning more.,-2,DEL4,SELLABLE
5/31/2025,X0029866uM,B0HU53572Vb,Breathing_Lilo_Stich_Blue,South ability no affect.,-2,DEL5,SELLABLE
6/8/2025,X0021054Qm,B0yP10325HN,CSTE_0545,Time decide rest others.,-2,SDED,SELLABLE
6/16/2025,X0029070Aj,B0Wr31925sX,CSTE_0319_SG_HarryPotter_Round,Garden including form entire.,-5,SDEE,SELLABLE
6/3/2025,X0027856Qv,B0Wt64037zB,CSTE_0331_Wands_Hermoine_Light,Try condition couple.,-3,DEL4,SELLABLE
